<xml xmlns:o="urn:schemas-microsoft-com:office:office">
 <o:MainFile HRef="../RCBot2%20Waypointing%20Guide.htm"/>
 <o:File HRef="item0017.xml"/>
 <o:File HRef="props0018.xml"/>
 <o:File HRef="themedata.thmx"/>
 <o:File HRef="colorschememapping.xml"/>
 <o:File HRef="image003.gif"/>
 <o:File HRef="image002.jpg"/>
 <o:File HRef="image001.png"/>
 <o:File HRef="image012.jpg"/>
 <o:File HRef="image004.png"/>
 <o:File HRef="image013.jpg"/>
 <o:File HRef="image006.png"/>
 <o:File HRef="image014.jpg"/>
 <o:File HRef="image008.png"/>
 <o:File HRef="image015.jpg"/>
 <o:File HRef="image010.png"/>
 <o:File HRef="image017.jpg"/>
 <o:File HRef="filelist.xml"/>
</xml>